{"mtx": [[1110.9648974701474, 0.0, 991.6653935173066], [0.0, 1106.740247172985, 442.38576273613864], [0.0, 0.0, 1.0]], "dist": [[-0.5299834569848029, 0.7660521684351588, 0.0028225226115499206, 0.001673430777103362, -1.067689632328481]], "rvecs": [[[-0.1731294045726091], [0.17350454522487954], [1.4495024284261013]], [[-0.3985465021350732], [0.39847900979233963], [1.4649865460356677]], [[0.22581379984713063], [0.24444586423525871], [1.5822447461195022]], [[0.21356313529694138], [0.03622638003757341], [1.5703279120149845]], [[0.17248105975538822], [-0.16160218043107044], [1.4876099080260738]], [[0.12850779787588204], [-0.2379334064270838], [1.521231196271011]], [[0.2141071907006353], [0.10991432901326609], [1.6515127114973718]], [[0.16026790510515862], [0.1492097494501556], [1.6292307358879452]], [[0.09008583530475646], [0.15255372033855638], [1.5751624077040347]], [[0.15788723184306083], [0.1284309966854234], [1.521006106888156]], [[0.06925612784676344], [0.14190193244264843], [1.535792300964919]], [[-0.1494186566128916], [-0.09929318526125376], [1.492140410260031]], [[0.0882437183738217], [0.18570156264026894], [1.548775243271192]], [[0.05403541781118153], [0.11082323964089026], [1.5164051833624927]], [[0.05244164594832163], [0.16017270063143627], [1.5303234747427181]], [[-0.03584146805494254], [0.0877063439401784], [1.5306124137688686]], [[0.03416823436491666], [0.020585733721212494], [1.475505679029054]], [[-0.038052586098017864], [-0.1420254615127695], [1.4670540366767368]], [[-0.09651796781715326], [-0.1526201321867253], [1.4618030702944167]], [[0.1589533266364304], [-0.004233029779693377], [1.5554325705022103]], [[0.1517552418927086], [-0.01690104872668639], [1.5692602890592595]]], "tvecs": [[[4.7743602858627945], [-4.559772887398847], [39.700852403863784]], [[6.342056670933811], [0.20621172007811162], [41.051600574383656]], [[12.540025895779696], [-9.632232740028725], [42.5019124984198]], [[6.694763348366919], [-8.711997978795228], [41.53986213616678]], [[3.3509750073522757], [-1.9768494017146068], [39.097616922282114]], [[0.9727250326818792], [1.4348638224962988], [40.579357038322414]], [[2.3936754130419846], [-8.935393450074315], [42.80488693489865]], [[5.198923535298859], [-6.001912447493003], [42.49573513516614]], [[4.824666795906585], [-2.6227196114655027], [44.097773398949585]], [[0.820346451821807], [-2.0014291774918735], [42.69757899775541]], [[10.99701449921893], [-0.2537000200761767], [41.27842920346974]], [[10.091920718878512], [-2.7979755343698343], [38.29163969587961]], [[4.797980928736168], [-3.2800260369005536], [42.83424505078152]], [[1.443326330593623], [-3.6104245561324366], [43.06090021695407]], [[5.025125539758662], [-5.3496559936959365], [42.6658080365677]], [[3.6239771589502316], [5.060579741630271], [42.9139645524905]], [[-1.1337717933217923], [-1.9719337771446601], [41.72274300333002]], [[-9.528617202927869], [-2.91845878907216], [40.45803082400052]], [[-11.714546871012432], [-2.5370678658515673], [40.401918048795984]], [[15.989652657275824], [-2.0091127975664778], [38.24796853699686]], [[15.728665074714012], [-1.9576741446162211], [38.38611585562807]]], "fx": 1110.9648974701474, "fy": 1106.740247172985, "cx": 991.6653935173066, "cy": 442.38576273613864, "tagsize": 0.1524}