{"mtx": [[1718.9287386779997, 0.0, 646.8036320937229], [0.0, 2274.711996837759, 351.727245424392], [0.0, 0.0, 1.0]], "dist": [[0.859173127634, 10.164308390780898, -0.05636138427777492, -0.10628676440746078, -86.12054915341457]], "rvecs": [[[-0.6820830532379131], [0.4388432861579722], [1.347545344876413]], [[-0.700136596518058], [0.4232887111573008], [1.4455907056188577]], [[-0.6711045541745104], [0.3910366694281927], [1.4627818154841645]], [[-0.67864483663905], [0.4105323223215399], [1.5198575298901444]], [[-0.7144617678346734], [0.43841191411208313], [1.4482673508274944]], [[-0.6750163938451154], [0.39614393839550893], [1.4994841877929141]], [[-0.6771644008741498], [0.391428543740858], [1.5027406317100076]], [[-0.7032261086931401], [0.4309359862051756], [1.5214277254115596]], [[-0.701802187093661], [0.4765058138404312], [1.523653304078761]], [[-0.6428584642275457], [0.44804194236238376], [1.5719447014156072]], [[-0.7006634318969303], [0.4368707840315311], [1.4873218875661154]], [[-0.6625305596145562], [0.4883867875952154], [1.4769258062242872]], [[-0.6410711660090155], [0.4296947461099605], [1.5212806537544223]], [[-0.7103155643970788], [0.4341737941509926], [1.498675063290124]], [[-0.6526359501329759], [0.6017478621735369], [1.4765354591213873]], [[-0.6649411676707653], [0.5161415989221038], [1.5109099595269868]], [[-0.6348115753431701], [0.6351797420107853], [1.3990369708117174]], [[-0.7160480589804954], [0.5759559523913619], [1.3324917714825721]], [[-0.6005319840907015], [0.549603797513403], [1.5149144718025693]], [[-0.5735179096207998], [0.49437561811326336], [1.4302873538717793]], [[-0.584503459600253], [0.4798541936728665], [1.3665290105894052]], [[-0.5920848461151194], [0.4864498556141802], [1.3888373274353998]], [[-0.5985988212649034], [0.48183021037510837], [1.3686869282209122]], [[-0.595083994733661], [0.46641907608263744], [1.4306766840798084]], [[-0.6117586163308014], [0.41870783388436067], [1.4053749725156957]], [[-0.6515084295457269], [0.5389266359643224], [1.3312811906298503]], [[-0.6654650362792195], [0.5576036297560883], [1.3478002145364627]], [[-0.628569128485706], [0.5495509013021834], [1.3449384749473081]], [[0.6105095810605489], [-0.5848705857912007], [1.3064230439751394]], [[0.564435631151998], [-0.6887432215133491], [1.327553386998024]], [[-0.6347567293422168], [0.537316662964901], [1.3718846120420922]], [[0.73120205922714], [-0.5724463350391645], [1.3320674976451938]], [[0.7376179344652113], [-0.6051861749852453], [1.2474371044233108]], [[-0.6366191391059096], [0.5013426185267744], [1.3792766860537495]], [[-0.6563147808161134], [0.4672104590720267], [1.357506358468743]], [[-0.6773040204356141], [0.48172751476663744], [1.4430248879567251]], [[0.3835304900054742], [-0.7443061885946147], [1.559356034803271]], [[-0.7193711740191633], [0.47947233401329137], [1.4167459171005545]], [[-0.684416867253227], [0.44449052783897514], [1.410566317609038]], [[-0.6835672757295433], [0.42153930365686404], [1.3915468636892898]], [[-0.6778847859414404], [0.38694537946556057], [1.4037047958203928]], [[-0.6115298013175379], [0.4001899588523702], [1.3587264209874002]], [[0.4550998026188302], [-0.6482502995368988], [1.4356556050459472]], [[0.44062702610909615], [-0.6504864302559858], [1.4591477328214775]], [[-0.653210209336364], [0.35261373316981887], [1.3624477546802705]], [[-0.7569346707109506], [0.6706406430324335], [1.48190848657976]], [[0.4222315143690717], [-0.7795603679372813], [1.5532949495955424]], [[0.5597421536645172], [-0.7780552429894749], [1.6396058809289815]], [[0.47643163913647735], [-0.7424177995145712], [1.4724174755936814]], [[-0.2654244035246763], [0.8402966447888461], [1.637292847671169]], [[0.5744280939334682], [-0.7792462344111138], [1.5480333692563883]], [[-0.9407670715427374], [0.8039551497718929], [1.3830939550093406]], [[-0.5696417130230739], [0.7030985821129896], [1.4788835496565773]], [[-0.44765795679910925], [0.8672805954919495], [1.3612028679391752]], [[-0.6077528518753874], [0.5858835891901633], [1.5161364727308402]], [[-0.690886549706661], [0.7166728480898993], [1.7012001839342192]], [[-0.5929040690833927], [0.6177346177017502], [1.5525741110988769]], [[0.6023900489695705], [-0.6294481444679864], [1.5581255086722994]], [[-0.5352164500421627], [0.27862040802614396], [1.5713259188691941]], [[0.4649896849839939], [-0.8547338104777733], [1.6070252683602666]], [[0.1828072044430592], [-0.5557988115561961], [1.6167458398678496]], [[0.5541842905638755], [-0.6654758042210508], [1.4860038128019086]], [[0.5535310213328178], [-0.6675168327139848], [1.465966759411131]], [[-0.5913622858108167], [0.5765179040738313], [1.4777428108567974]], [[0.6035244162391604], [-0.677890740977566], [1.4721694523643982]], [[0.566750221976992], [-0.6209872957332355], [1.5823233482158856]], [[0.6220931321005337], [-0.6288400149420866], [1.469281170663722]], [[-0.6567706198098329], [0.7335566884322519], [1.6121958629003763]], [[-0.562972421238793], [0.453609149542397], [1.4740973168810532]], [[-0.6505646269946397], [0.38225019659868514], [1.1616258431349094]], [[0.5832490815469407], [-0.7098484743681941], [1.5188554176093236]], [[-0.5759029335072507], [0.41564711066415877], [1.3272602568655578]], [[-0.5122437437208365], [0.5905574050415032], [1.5810838498131046]], [[-0.6878319344873269], [0.6004086780087556], [1.5572950630643456]], [[0.6265780118953921], [-0.6752372649954692], [1.3696943014423708]], [[-0.6147395615227036], [0.4746194939542163], [1.526476601786042]], [[-0.5654742727193028], [0.6163001705469062], [1.476288668527454]], [[-0.7138141139407289], [0.8900301479269785], [1.7568817712167006]], [[-0.5998393308089724], [0.5498648231012001], [1.4954082808456297]], [[-0.5778508376918503], [0.565552698157263], [1.6054268453792588]], [[-0.6272124798919452], [0.6420041435078032], [1.7516657688039081]], [[0.44866783160853874], [-0.593434340015029], [1.5844073854373284]], [[-0.6838765930224312], [0.6600881815765451], [1.615946347147179]], [[-0.5277626107146348], [0.5559359914331566], [1.550183809899648]], [[0.49476004208244695], [-0.763212880681696], [1.475080943812084]], [[-0.5852298352968301], [0.6633771333636737], [1.6244881717611215]], [[0.5345509048555074], [-0.6343118542271511], [1.5916911576461004]], [[-0.5780856548491636], [0.6003670756557925], [1.5227041528350047]]],